App,Percent of Plays
Anchor,0.6885245901639344
Spotify,0.26229508196721313
Other,0.049180327868852514
